-- DEV SEED DATA
-- Remove this file and the compose seed service before production deployment.

INSERT INTO projects (id, project_key, name, group_name, default_branch, global_threshold_percent)
VALUES
  ('11111111-1111-1111-1111-111111111111', 'acme/coverage-api', 'coverage-api', 'infrastructure/internal', 'main', 80.00),
  ('22222222-2222-2222-2222-222222222222', 'acme/payments', 'payments', 'payments', 'main', 85.00),
  ('33333333-3333-3333-3333-333333333333', 'acme/webapp', 'webapp', 'frontend', 'main', 75.00),
  ('44444444-4444-4444-4444-444444444444', 'acme/auth-service', 'auth-service', 'auth', 'main', 82.50),
  ('55555555-5555-5555-5555-555555555555', 'acme/notifications', 'notifications', 'notifications', 'main', 78.00),
  ('66666666-6666-6666-6666-666666666666', 'acme/catalog', 'catalog', 'catalog', 'main', 81.00),
  ('77777777-7777-7777-7777-777777777777', 'acme/orders', 'orders', 'orders', 'main', 84.00),
  ('88888888-8888-8888-8888-888888888888', 'acme/shipping', 'shipping', 'fulfillment', 'main', 79.50),
  ('99999999-9999-9999-9999-999999999999', 'acme/analytics', 'analytics', 'analytics', 'main', 77.00),
  ('aaaaaaaa-1111-1111-1111-111111111111', 'acme/search', 'search', 'catalog', 'main', 83.00)
ON CONFLICT (id) DO NOTHING;

INSERT INTO coverage_runs (id, project_id, branch, commit_sha, author, trigger_type, run_timestamp, total_coverage_percent)
VALUES
  ('10000000-0000-0000-0000-000000000001', '11111111-1111-1111-1111-111111111111', 'main', 'ca11aa01', 'dev-seed', 'push', NOW() - INTERVAL '8 day', 80.10),
  ('10000000-0000-0000-0000-000000000002', '11111111-1111-1111-1111-111111111111', 'develop', 'ca11aa02', 'dev-seed', 'push', NOW() - INTERVAL '7 day', 79.40),
  ('10000000-0000-0000-0000-000000000003', '11111111-1111-1111-1111-111111111111', 'main', 'ca11aa03', 'dev-seed', 'push', NOW() - INTERVAL '2 day', 83.40),
  ('10000000-0000-0000-0000-000000000004', '11111111-1111-1111-1111-111111111111', 'feature/rbac', 'ca11aa04', 'dev-seed', 'pr', NOW() - INTERVAL '1 day', 82.80),

  ('20000000-0000-0000-0000-000000000001', '22222222-2222-2222-2222-222222222222', 'main', 'pay10001', 'dev-seed', 'push', NOW() - INTERVAL '9 day', 86.90),
  ('20000000-0000-0000-0000-000000000002', '22222222-2222-2222-2222-222222222222', 'release/1.4', 'pay10002', 'dev-seed', 'manual', NOW() - INTERVAL '6 day', 85.20),
  ('20000000-0000-0000-0000-000000000003', '22222222-2222-2222-2222-222222222222', 'main', 'pay10003', 'dev-seed', 'push', NOW() - INTERVAL '2 day', 84.70),
  ('20000000-0000-0000-0000-000000000004', '22222222-2222-2222-2222-222222222222', 'feature/fraud-check', 'pay10004', 'dev-seed', 'pr', NOW() - INTERVAL '1 day', 83.60),

  ('30000000-0000-0000-0000-000000000001', '33333333-3333-3333-3333-333333333333', 'main', 'web10001', 'dev-seed', 'push', NOW() - INTERVAL '10 day', 71.80),
  ('30000000-0000-0000-0000-000000000002', '33333333-3333-3333-3333-333333333333', 'develop', 'web10002', 'dev-seed', 'push', NOW() - INTERVAL '7 day', 73.10),
  ('30000000-0000-0000-0000-000000000003', '33333333-3333-3333-3333-333333333333', 'main', 'web10003', 'dev-seed', 'push', NOW() - INTERVAL '2 day', 76.50),
  ('30000000-0000-0000-0000-000000000004', '33333333-3333-3333-3333-333333333333', 'feature/ui-refresh', 'web10004', 'dev-seed', 'pr', NOW() - INTERVAL '20 hour', 77.10),

  ('40000000-0000-0000-0000-000000000001', '44444444-4444-4444-4444-444444444444', 'main', 'aut10001', 'dev-seed', 'push', NOW() - INTERVAL '11 day', 81.40),
  ('40000000-0000-0000-0000-000000000002', '44444444-4444-4444-4444-444444444444', 'develop', 'aut10002', 'dev-seed', 'push', NOW() - INTERVAL '6 day', 82.20),
  ('40000000-0000-0000-0000-000000000003', '44444444-4444-4444-4444-444444444444', 'main', 'aut10003', 'dev-seed', 'push', NOW() - INTERVAL '2 day', 83.00),
  ('40000000-0000-0000-0000-000000000004', '44444444-4444-4444-4444-444444444444', 'feature/oidc-claims', 'aut10004', 'dev-seed', 'pr', NOW() - INTERVAL '22 hour', 82.10),

  ('50000000-0000-0000-0000-000000000001', '55555555-5555-5555-5555-555555555555', 'main', 'not10001', 'dev-seed', 'push', NOW() - INTERVAL '9 day', 76.30),
  ('50000000-0000-0000-0000-000000000002', '55555555-5555-5555-5555-555555555555', 'develop', 'not10002', 'dev-seed', 'push', NOW() - INTERVAL '6 day', 77.20),
  ('50000000-0000-0000-0000-000000000003', '55555555-5555-5555-5555-555555555555', 'main', 'not10003', 'dev-seed', 'push', NOW() - INTERVAL '2 day', 78.60),
  ('50000000-0000-0000-0000-000000000004', '55555555-5555-5555-5555-555555555555', 'feature/batch-retry', 'not10004', 'dev-seed', 'pr', NOW() - INTERVAL '18 hour', 79.10),

  ('60000000-0000-0000-0000-000000000001', '66666666-6666-6666-6666-666666666666', 'main', 'cat10001', 'dev-seed', 'push', NOW() - INTERVAL '8 day', 80.50),
  ('60000000-0000-0000-0000-000000000002', '66666666-6666-6666-6666-666666666666', 'release/2.2', 'cat10002', 'dev-seed', 'manual', NOW() - INTERVAL '5 day', 81.30),
  ('60000000-0000-0000-0000-000000000003', '66666666-6666-6666-6666-666666666666', 'main', 'cat10003', 'dev-seed', 'push', NOW() - INTERVAL '2 day', 82.60),
  ('60000000-0000-0000-0000-000000000004', '66666666-6666-6666-6666-666666666666', 'feature/stock-sync', 'cat10004', 'dev-seed', 'pr', NOW() - INTERVAL '16 hour', 83.10),

  ('70000000-0000-0000-0000-000000000001', '77777777-7777-7777-7777-777777777777', 'main', 'ord10001', 'dev-seed', 'push', NOW() - INTERVAL '9 day', 83.10),
  ('70000000-0000-0000-0000-000000000002', '77777777-7777-7777-7777-777777777777', 'develop', 'ord10002', 'dev-seed', 'push', NOW() - INTERVAL '6 day', 84.00),
  ('70000000-0000-0000-0000-000000000003', '77777777-7777-7777-7777-777777777777', 'main', 'ord10003', 'dev-seed', 'push', NOW() - INTERVAL '2 day', 85.30),
  ('70000000-0000-0000-0000-000000000004', '77777777-7777-7777-7777-777777777777', 'feature/partial-cancel', 'ord10004', 'dev-seed', 'pr', NOW() - INTERVAL '14 hour', 84.10),

  ('80000000-0000-0000-0000-000000000001', '88888888-8888-8888-8888-888888888888', 'main', 'shp10001', 'dev-seed', 'push', NOW() - INTERVAL '10 day', 78.20),
  ('80000000-0000-0000-0000-000000000002', '88888888-8888-8888-8888-888888888888', 'develop', 'shp10002', 'dev-seed', 'push', NOW() - INTERVAL '5 day', 79.00),
  ('80000000-0000-0000-0000-000000000003', '88888888-8888-8888-8888-888888888888', 'main', 'shp10003', 'dev-seed', 'push', NOW() - INTERVAL '2 day', 80.10),
  ('80000000-0000-0000-0000-000000000004', '88888888-8888-8888-8888-888888888888', 'feature/label-cache', 'shp10004', 'dev-seed', 'pr', NOW() - INTERVAL '12 hour', 79.60),

  ('90000000-0000-0000-0000-000000000001', '99999999-9999-9999-9999-999999999999', 'main', 'ana10001', 'dev-seed', 'push', NOW() - INTERVAL '12 day', 75.20),
  ('90000000-0000-0000-0000-000000000002', '99999999-9999-9999-9999-999999999999', 'develop', 'ana10002', 'dev-seed', 'push', NOW() - INTERVAL '7 day', 76.00),
  ('90000000-0000-0000-0000-000000000003', '99999999-9999-9999-9999-999999999999', 'main', 'ana10003', 'dev-seed', 'push', NOW() - INTERVAL '2 day', 77.80),
  ('90000000-0000-0000-0000-000000000004', '99999999-9999-9999-9999-999999999999', 'feature/dashboard-v2', 'ana10004', 'dev-seed', 'pr', NOW() - INTERVAL '10 hour', 78.50),

  ('a0000000-0000-0000-0000-000000000001', 'aaaaaaaa-1111-1111-1111-111111111111', 'main', 'sea10001', 'dev-seed', 'push', NOW() - INTERVAL '8 day', 82.10),
  ('a0000000-0000-0000-0000-000000000002', 'aaaaaaaa-1111-1111-1111-111111111111', 'release/3.0', 'sea10002', 'dev-seed', 'manual', NOW() - INTERVAL '5 day', 83.00),
  ('a0000000-0000-0000-0000-000000000003', 'aaaaaaaa-1111-1111-1111-111111111111', 'main', 'sea10003', 'dev-seed', 'push', NOW() - INTERVAL '2 day', 84.20),
  ('a0000000-0000-0000-0000-000000000004', 'aaaaaaaa-1111-1111-1111-111111111111', 'feature/relevance-tuning', 'sea10004', 'dev-seed', 'pr', NOW() - INTERVAL '8 hour', 83.50)
ON CONFLICT (id) DO NOTHING;

INSERT INTO package_coverages (id, run_id, package_import_path, coverage_percent)
VALUES
  ('b1000000-0000-0000-0000-000000000001', '10000000-0000-0000-0000-000000000003', 'github.com/acme/coverage-api/internal/adapters/http', 82.80),
  ('b1000000-0000-0000-0000-000000000002', '10000000-0000-0000-0000-000000000003', 'github.com/acme/coverage-api/internal/application', 84.00),
  ('b1000000-0000-0000-0000-000000000003', '10000000-0000-0000-0000-000000000004', 'github.com/acme/coverage-api/internal/adapters/auth', 81.90),
  ('b1000000-0000-0000-0000-000000000004', '10000000-0000-0000-0000-000000000004', 'github.com/acme/coverage-api/internal/adapters/postgres', 83.30),

  ('b2000000-0000-0000-0000-000000000001', '20000000-0000-0000-0000-000000000003', 'github.com/acme/payments/internal/service', 83.90),
  ('b2000000-0000-0000-0000-000000000002', '20000000-0000-0000-0000-000000000003', 'github.com/acme/payments/internal/api', 86.10),
  ('b2000000-0000-0000-0000-000000000003', '20000000-0000-0000-0000-000000000004', 'github.com/acme/payments/internal/fraud', 82.70),
  ('b2000000-0000-0000-0000-000000000004', '20000000-0000-0000-0000-000000000004', 'github.com/acme/payments/internal/checkout', 84.20),

  ('b3000000-0000-0000-0000-000000000001', '30000000-0000-0000-0000-000000000003', 'github.com/acme/webapp/internal/web', 74.20),
  ('b3000000-0000-0000-0000-000000000002', '30000000-0000-0000-0000-000000000003', 'github.com/acme/webapp/internal/core', 78.30),
  ('b3000000-0000-0000-0000-000000000003', '30000000-0000-0000-0000-000000000004', 'github.com/acme/webapp/internal/layout', 76.80),
  ('b3000000-0000-0000-0000-000000000004', '30000000-0000-0000-0000-000000000004', 'github.com/acme/webapp/internal/components', 77.40),

  ('b4000000-0000-0000-0000-000000000001', '40000000-0000-0000-0000-000000000003', 'github.com/acme/auth-service/internal/tokens', 83.40),
  ('b4000000-0000-0000-0000-000000000002', '40000000-0000-0000-0000-000000000003', 'github.com/acme/auth-service/internal/oidc', 82.60),
  ('b5000000-0000-0000-0000-000000000001', '50000000-0000-0000-0000-000000000003', 'github.com/acme/notifications/internal/email', 78.10),
  ('b5000000-0000-0000-0000-000000000002', '50000000-0000-0000-0000-000000000004', 'github.com/acme/notifications/internal/retry', 79.30),

  ('b6000000-0000-0000-0000-000000000001', '60000000-0000-0000-0000-000000000003', 'github.com/acme/catalog/internal/ingest', 82.70),
  ('b6000000-0000-0000-0000-000000000002', '60000000-0000-0000-0000-000000000004', 'github.com/acme/catalog/internal/search', 83.20),
  ('b7000000-0000-0000-0000-000000000001', '70000000-0000-0000-0000-000000000003', 'github.com/acme/orders/internal/workflow', 85.60),
  ('b7000000-0000-0000-0000-000000000002', '70000000-0000-0000-0000-000000000004', 'github.com/acme/orders/internal/refund', 83.80),

  ('b8000000-0000-0000-0000-000000000001', '80000000-0000-0000-0000-000000000003', 'github.com/acme/shipping/internal/labels', 80.00),
  ('b8000000-0000-0000-0000-000000000002', '80000000-0000-0000-0000-000000000004', 'github.com/acme/shipping/internal/rates', 79.40),
  ('b9000000-0000-0000-0000-000000000001', '90000000-0000-0000-0000-000000000003', 'github.com/acme/analytics/internal/etl', 77.10),
  ('b9000000-0000-0000-0000-000000000002', '90000000-0000-0000-0000-000000000004', 'github.com/acme/analytics/internal/dashboards', 78.70),

  ('ba000000-0000-0000-0000-000000000001', 'a0000000-0000-0000-0000-000000000003', 'github.com/acme/search/internal/index', 84.00),
  ('ba000000-0000-0000-0000-000000000002', 'a0000000-0000-0000-0000-000000000004', 'github.com/acme/search/internal/ranking', 83.60)
ON CONFLICT (id) DO NOTHING;
